
{
	"" : 
	{
		"axis" : 
		{
			"x" : 1.0,
			"y" : 0.0,
			"z" : 0.0
		}
	},
	"device i" : 0,
	"device nam" : "",
	"deviceId" : 0,
	"deviceName" : "Kinect0",
	"i" : "127.0.0.1",
	"ip" : "127.0.0.1",
	"por" : 0,
	"port" : 37000,
	"triggers" : 
	{
		"" : 
		{
			"axis" : 
			{
				"x" : -0.008928922004997730,
				"y" : 0.02062512375414371,
				"z" : -0.9997470974922180
			}
		},
		"left" : 
		{
			"axis" : 
			{
				"x" : 1,
				"y" : 0,
				"z" : 0
			},
			"border thickness" : 0.0,
			"length" : 589.0,
			"midpoint" : 
			{
				"x" : 0.2700000107288361,
				"y" : 0.0,
				"z" : 800.0
			},
			"radius" : 156.0,
			"type" : "cylinder"
		}
	}
}
